Name,PointValue,TickSize,Url
AAPL,1,0.01,http://finance.yahoo.com/q?s=aapl
AMGN,1,0.01,http://finance.yahoo.com/q?s=amgn
AXP,1,0.01,http://finance.yahoo.com/q?s=axp
BA,1,0.01,http://finance.yahoo.com/q?s=ba
CAT,1,0.01,http://finance.yahoo.com/q?s=cat
CRM,1,0.01,http://finance.yahoo.com/q?s=CRM
CSCO,1,0.01,http://finance.yahoo.com/q?s=csco
CVX,1,0.01,http://finance.yahoo.com/q?s=CVX
DIS,1,0.01,http://finance.yahoo.com/q?s=dis
DOW,1,0.01,http://finance.yahoo.com/q?s=DOW
GS,1,0.01,http://finance.yahoo.com/q?s=GS
HD,1,0.01,http://finance.yahoo.com/q?s=hd
HON,1,0.01,http://finance.yahoo.com/q?s=HON
IBM,1,0.01,http://finance.yahoo.com/q?s=ibm
INTC,1,0.01,http://finance.yahoo.com/q?s=intc
JNJ,1,0.01,http://finance.yahoo.com/q?s=jnj
JPM,1,0.01,http://finance.yahoo.com/q?s=jpm
KO,1,0.01,http://finance.yahoo.com/q?s=ko
MCD,1,0.01,http://finance.yahoo.com/q?s=mcd
MMM,1,0.01,http://finance.yahoo.com/q?s=mmm
MRK,1,0.01,http://finance.yahoo.com/q?s=mrk
MSFT,1,0.01,http://finance.yahoo.com/q?s=msft
NKE,1,0.01,http://finance.yahoo.com/q?s=NKE
PG,1,0.01,http://finance.yahoo.com/q?s=pg
TRV,1,0.01,http://finance.yahoo.com/q?s=TRV
UNH,1,0.01,http://finance.yahoo.com/q?s=UNH
V,1,0.01,http://finance.yahoo.com/q?s=V
VZ,1,0.01,http://finance.yahoo.com/q?s=vz
WBA,1,0.01,http://finance.yahoo.com/q?s=wba
WMT,1,0.01,http://finance.yahoo.com/q?s=wmt
AUDUSD,1,1E-05,
EURCHF,1,1E-05,
EURGBP,1,1E-05,
EURJPY,0.01,0.001,
EURUSD,1,1E-05,
GBPUSD,1,1E-05,
USDCAD,1,1E-05,
USDCHF,1,1E-05,
USDJPY,0.01,0.001,
6B,62500,0.0001,http://www.cmegroup.com/trading/fx/g10/british-pound_contract_specifications.html
6E,125000,5E-05,http://www.cmegroup.com/trading/fx/g10/euro-fx_contract_specifications.html
CL,1000,0.01,http://www.cmegroup.com/trading/energy/crude-oil/light-sweet-crude_contract_specifications.html
ES,50,0.25,http://www.cmegroup.com/trading/equity-index/us-index/e-mini-sandp500_contract_specifications.html
FDAX,25,1,https://www.eurex.com/ex-en/markets/idx/dax
GC,100,0.1,http://www.cmegroup.com/trading/metals/precious/gold_contract_specifications.html
NQ,20,0.25,http://www.cmegroup.com/trading/equity-index/us-index/e-mini-nasdaq-100_contract_specifications.html
RTY,50,0.1,http://www.cmegroup.com/trading/equity-index/us-index/e-mini-russell-2000_contract_specifications.html
SPK,1000,0.01,https://www.mgex.com/documents/SPIKES_Futures_Contract_Specifications_003.pdf
YM,5,1,http://www.cmegroup.com/trading/equity-index/us-index/e-mini-dow_contract_specifications.html
ZB,1000,0.03125,http://www.cmegroup.com/trading/interest-rates/us-treasury/30-year-us-treasury-bond_contract_specifications.html
ZN,1000,0.015625,http://www.cmegroup.com/trading/interest-rates/us-treasury/10-year-us-treasury-note_contract_specifications.html
ZS,50,0.25,http://www.cmegroup.com/trading/agricultural/grain-and-oilseed/soybean_contract_specifications.html
ZW,50,0.25,http://www.cmegroup.com/trading/agricultural/grain-and-oilseed/wheat_contract_specifications.html
ADD,1,0.01,http://finance.yahoo.com/advances
ADV,1,1,http://finance.yahoo.com/advances
COMP,1,0.01,http://quotes.nasdaq.com/asp/quotes_indexchart.asp?index=IXIC
DJIA,1,0.01,http://www.djaverages.com/?view=industrial&page=overview
DVOL,1,1,http://finance.yahoo.com/advances
NDX,1,0.01,http://www.cboe.com/micro/ndx/
OEX,1,0.01,http://www.cboe.com/Products/indexopts/oex_spec.aspx
PCR,1,0.01,http://www.cboe.com/data/putcallratio.aspx
RUI,1,0.01,http://www.russell.com/Indexes/data/fact_sheets/us/Russell_1000_Index.asp
SP500,1,0.01,http://www.standardandpoors.com/indices/sp-500/en/us/?indexId=spusa-500-usduf--p-us-l--
TICK,1,1,http://www.investopedia.com/terms/t/tickindex.asp
TICKDJ,1,1,http://www.investopedia.com/terms/t/tickindex.asp
TICKQ,1,1,http://www.sentimentrader.com/subscriber/nas_cumtick_description.htm
TRIN,1,0.01,http://www.investopedia.com/terms/t/trin.asp
TRINQ,1,0.01,http://www.sentimentrader.com/subscriber/trin_nasdaq_description.htm
UVOL,1,1,http://finance.yahoo.com/advances
VIX,1,0.01,http://www.investopedia.com/terms/v/vix.asp
VOL,1,1,http://finance.yahoo.com/advances
XAU,1,0.01,http://www.phlx.com/products/xau.html
AAPL,1,0.01,http://finance.yahoo.com/q?s=aapl
ADBE,1,0.01,http://finance.yahoo.com/q?s=adbe
ADI,1,0.01,http://finance.yahoo.com/q?s=ADI
ADP,1,0.01,http://finance.yahoo.com/q?s=ADP
ADSK,1,0.01,http://finance.yahoo.com/q?s=adsk
AEP,1,0.01,http://finance.yahoo.com/q?s=AEP
ALGN,1,0.01,http://finance.yahoo.com/q?s=ALGN
ALXN,1,0.01,http://finance.yahoo.com/q?s=ALXN
AMAT,1,0.01,http://finance.yahoo.com/q?s=amat
AMD,1,0.01,http://finance.yahoo.com/q?s=AMD
AMGN,1,0.01,http://finance.yahoo.com/q?s=amgn
AMZN,1,0.01,http://finance.yahoo.com/q?s=amzn
ANSS,1,0.01,https://finance.yahoo.com/quote/ANSS/
ASML,1,0.01,http://finance.yahoo.com/q?s=ASML
ATVI,1,0.01,http://finance.yahoo.com/q?s=atvi
AVGO,1,0.01,http://finance.yahoo.com/q?s=AVGO
BIDU,1,0.01,http://finance.yahoo.com/q?s=BIDU
BIIB,1,0.01,http://finance.yahoo.com/q?s=biib
BKNG,1,0.01,https://finance.yahoo.com/quote/BKNG
CDNS,1,0.01,https://finance.yahoo.com/quote/CDNS/
CDW,1,0.01,https://finance.yahoo.com/quote/cdw
CERN,1,0.01,http://finance.yahoo.com/q?s=CERN
CHKP,1,0.01,http://finance.yahoo.com/q?s=chkp
CHTR,1,0.01,http://finance.yahoo.com/q?s=CHTR
CMCSA,1,0.01,http://finance.yahoo.com/q?s=cmcsa
COST,1,0.01,http://finance.yahoo.com/q?s=cost
CPRT,1,0.01,http://finance.yahoo.com/q?s=CPRT
CSCO,1,0.01,http://finance.yahoo.com/q?s=csco
CSX,1,0.01,http://finance.yahoo.com/q?s=CSX
CTAS,1,0.01,http://finance.yahoo.com/q?s=ctas
CTSH,1,0.01,http://finance.yahoo.com/q?s=ctsh
CTXS,1,0.01,http://finance.yahoo.com/q?s=ctxs
DLTR,1,0.01,http://finance.yahoo.com/q?s=DLTR
DOCU,1,0.01,https://finance.yahoo.com/quote/DOCU/
DXCM,1,0.01,https://finance.yahoo.com/quote/DXCM/
EA,1,0.01,http://finance.yahoo.com/q?s=es
EBAY,1,0.01,http://finance.yahoo.com/q?s=ebay
EXC,1,0.01,http://finance.yahoo.com/q?s=EXC
FAST,1,0.01,http://finance.yahoo.com/q?s=fast
FB,1,0.01,http://finance.yahoo.com/q?s=FB
FISV,1,0.01,http://finance.yahoo.com/q?s=fisv
FOX,1,0.01,http://finance.yahoo.com/q?s=FOX
FOXA,1,0.01,http://finance.yahoo.com/q?s=FOXA
GILD,1,0.01,http://finance.yahoo.com/q?s=gild
GOOG,1,0.01,http://finance.yahoo.com/q?s=goog
GOOGL,1,0.01,http://finance.yahoo.com/q?s=GOOGL
IDXX,1,0.01,https://finance.yahoo.com/quote/IDXX/?p=IDXX
ILMN,1,0.01,http://finance.yahoo.com/q?s=ILMN
INCY,1,0.01,http://finance.yahoo.com/q?s=INCY
INTC,1,0.01,http://finance.yahoo.com/q?s=intc
INTU,1,0.01,http://finance.yahoo.com/q?s=intu
ISRG,1,0.01,http://finance.yahoo.com/q?s=isrg
JD,1,0.01,http://finance.yahoo.com/q?s=JD
KDP,1,0.01,https://finance.yahoo.com/quote/KDP/
KHC,1,0.01,http://finance.yahoo.com/q?s=KHC
KLAC,1,0.01,http://finance.yahoo.com/q?s=klac
LRCX,1,0.01,http://finance.yahoo.com/q?s=lrcx
LULU,1,0.01,https://finance.yahoo.com/quote/LULU/
MAR,1,0.01,http://finance.yahoo.com/q?s=MAR
MCHP,1,0.01,http://finance.yahoo.com/q?s=mchp
MDLZ,1,0.01,http://finance.yahoo.com/q?s=MDLZ
MELI,1,0.01,https://finance.yahoo.com/quote/MELI?p=MELI
MNST,1,0.01,http://finance.yahoo.com/q?s=MNST
MRNA,1,0.01,https://finance.yahoo.com/quote/MRNA/
MRVL,1,0.01,http://finance.yahoo.com/q?s=mrvl
MSFT,1,0.01,http://finance.yahoo.com/q?s=msft
MTCH,1,0.01,https://finance.yahoo.com/quote/MTCH/
MU,1,0.01,http://finance.yahoo.com/q?s=MU
MXIM,1,0.01,http://finance.yahoo.com/q?s=MXIM
NFLX,1,0.01,http://finance.yahoo.com/q?s=NFLX
NTAP,1,0.01,http://finance.yahoo.com/q?s=ntap
NTES,1,0.01,http://finance.yahoo.com/q?s=ntes
NVDA,1,0.01,http://finance.yahoo.com/q?s=nvda
NXPI,1,0.01,http://finance.yahoo.com/q?s=NXPI
OKTA,1,0.01,https://finance.yahoo.com/quote/OKTA/
ORLY,1,0.01,http://finance.yahoo.com/q?s=ORLY
PAYX,1,0.01,http://finance.yahoo.com/q?s=payx
PCAR,1,0.01,http://finance.yahoo.com/q?s=pcar
PDD,1,0.01,https://finance.yahoo.com/quote/PDD/
PEP,1,0.01,http://finance.yahoo.com/q?s=PEP
PTON,1,0.01,https://finance.yahoo.com/quote/PTON/
PYPL,1,0.01,http://finance.yahoo.com/q?s=pypl
QCOM,1,0.01,http://finance.yahoo.com/q?s=qcom
REGN,1,0.01,http://finance.yahoo.com/q?s=REGN
ROST,1,0.01,http://finance.yahoo.com/q?s=ROST
SBUX,1,0.01,http://finance.yahoo.com/q?s=sbux
SGEN,1,0.01,https://finance.yahoo.com/quote/sgen
SIRI,1,0.01,http://finance.yahoo.com/q?s=SIRI
SNPS,1,0.01,https://finance.yahoo.com/quote/SNPS/?p=SNPS
SPLK,1,0.01,https://finance.yahoo.com/quote/splk
SWKS,1,0.01,http://finance.yahoo.com/q?s=swks
TCOM,1,0.01,https://finance.yahoo.com/quote/tcom
TEAM,1,0.01,https://finance.yahoo.com/quote/TEAM/
TMUS,1,0.01,http://finance.yahoo.com/q?s=tmus
TSLA,1,0.01,http://finance.yahoo.com/q?s=TSLA
TXN,1,0.01,http://finance.yahoo.com/q?s=TXN
VRSK,1,0.01,http://finance.yahoo.com/q?s=VRSK
VRSN,1,0.01,http://finance.yahoo.com/q?s=vrsn
VRTX,1,0.01,http://finance.yahoo.com/q?s=VRTX
WBA,1,0.01,http://finance.yahoo.com/q?s=wba
WDAY,1,0.01,http://finance.yahoo.com/q?s=WDAY
XEL,1,0.01,http://finance.yahoo.com/q?s=XEL
XLNX,1,0.01,http://finance.yahoo.com/q?s=xlnx
ZM,1,0.01,https://finance.yahoo.com/quote/ZM/
A,1,0.01,http://finance.yahoo.com/q?s=A
AAL,1,0.01,http://finance.yahoo.com/q?s=aal
AAP,1,0.01,http://finance.yahoo.com/q?s=AAP
AAPL,1,0.01,http://finance.yahoo.com/q?s=aapl
ABBV,1,0.01,http://finance.yahoo.com/q?s=ABBV
ABC,1,0.01,http://finance.yahoo.com/q?s=ABC
ABMD,1,0.01,http://finance.yahoo.com/q?s=ABMD
ABT,1,0.01,http://finance.yahoo.com/q?s=ABT
ACN,1,0.01,http://finance.yahoo.com/q?s=ACN
ADBE,1,0.01,http://finance.yahoo.com/q?s=adbe
ADI,1,0.01,http://finance.yahoo.com/q?s=ADI
ADM,1,0.01,http://finance.yahoo.com/q?s=ADM
ADP,1,0.01,http://finance.yahoo.com/q?s=ADP
ADSK,1,0.01,http://finance.yahoo.com/q?s=adsk
AEE,1,0.01,http://finance.yahoo.com/q?s=AEE
AEP,1,0.01,http://finance.yahoo.com/q?s=AEP
AES,1,0.01,http://finance.yahoo.com/q?s=AES
AFL,1,0.01,http://finance.yahoo.com/q?s=AFL
AIG,1,0.01,http://finance.yahoo.com/q?s=aig
AIZ,1,0.01,http://finance.yahoo.com/q?s=AIZ
AJG,1,0.01,https://finance.yahoo.com/quote/AJG/?p=AJG
AKAM,1,0.01,http://finance.yahoo.com/q?s=AKAM
ALB,1,0.01,https://finance.yahoo.com/quote/ALB/?p=ALB
ALGN,1,0.01,http://finance.yahoo.com/q?s=ALGN
ALK,1,0.01,https://finance.yahoo.com/quote/ALK/?p=ALK
ALL,1,0.01,http://finance.yahoo.com/q?s=ALL
ALLE,1,0.01,http://finance.yahoo.com/q?s=ALLE
ALXN,1,0.01,http://finance.yahoo.com/q?s=ALXN
AMAT,1,0.01,http://finance.yahoo.com/q?s=amat
AMCR,1,0.01,https://finance.yahoo.com/quote/AMCR
AMD,1,0.01,http://finance.yahoo.com/q?s=AMD
AME,1,0.01,http://finance.yahoo.com/q?s=AME
AMGN,1,0.01,http://finance.yahoo.com/q?s=amgn
AMP,1,0.01,http://finance.yahoo.com/q?s=AMP
AMT,1,0.01,http://finance.yahoo.com/q?s=AMT
AMZN,1,0.01,http://finance.yahoo.com/q?s=amzn
ANET,1,0.01,http://finance.yahoo.com/q?s=ANET
ANSS,1,0.01,https://finance.yahoo.com/quote/ANSS/
ANTM,1,0.01,http://finance.yahoo.com/q?s=ANTM
AON,1,0.01,http://finance.yahoo.com/q?s=AON
AOS,1,0.01,http://finance.yahoo.com/q?s=AOS
APA,1,0.01,http://finance.yahoo.com/q?s=APA
APD,1,0.01,http://finance.yahoo.com/q?s=APD
APH,1,0.01,http://finance.yahoo.com/q?s=APH
APTV,1,0.01,http://finance.yahoo.com/q?s=APTV
ARE,1,0.01,http://finance.yahoo.com/q?s=ARE
ATO,1,0.01,http://finance.yahoo.com/q?s=ATO
ATVI,1,0.01,http://finance.yahoo.com/q?s=atvi
AVB,1,0.01,http://finance.yahoo.com/q?s=AVB
AVGO,1,0.01,http://finance.yahoo.com/q?s=AVGO
AVY,1,0.01,http://finance.yahoo.com/q?s=AVY
AWK,1,0.01,http://finance.yahoo.com/q?s=AWK
AXP,1,0.01,http://finance.yahoo.com/q?s=axp
AZO,1,0.01,http://finance.yahoo.com/q?s=AZO
BA,1,0.01,http://finance.yahoo.com/q?s=ba
BAC,1,0.01,http://finance.yahoo.com/q?s=BAC
BAX,1,0.01,http://finance.yahoo.com/q?s=BAX
BBY,1,0.01,http://finance.yahoo.com/q?s=BBY
BDX,1,0.01,http://finance.yahoo.com/q?s=BDX
BEN,1,0.01,http://finance.yahoo.com/q?s=BEN
BF_B,1,0.01,http://finance.yahoo.com/q?s=BF.B
BIIB,1,0.01,http://finance.yahoo.com/q?s=biib
BIO,1,0.01,https://finance.yahoo.com/quote/BIO/
BK,1,0.01,http://finance.yahoo.com/q?s=BK
BKNG,1,0.01,https://finance.yahoo.com/quote/BKNG
BKR,1,0.01,https://finance.yahoo.com/quote/BKR
BLK,1,0.01,http://finance.yahoo.com/q?s=BLK
BLL,1,0.01,http://finance.yahoo.com/q?s=BLL
BMY,1,0.01,http://finance.yahoo.com/q?s=BMY
BR,1,0.01,http://finance.yahoo.com/q?s=BR
BRK_B,1,0.01,http://finance.yahoo.com/q?s=BRK.B
BSX,1,0.01,http://finance.yahoo.com/q?s=BSX
BWA,1,0.01,http://finance.yahoo.com/q?s=BWA
BXP,1,0.01,http://finance.yahoo.com/q?s=BXP
C,1,0.01,http://finance.yahoo.com/q?s=c
CAG,1,0.01,http://finance.yahoo.com/q?s=CAG
CAH,1,0.01,http://finance.yahoo.com/q?s=CAH
CARR,1,0.01,https://finance.yahoo.com/quote/CARR/
CAT,1,0.01,http://finance.yahoo.com/q?s=cat
CB,1,0.01,http://finance.yahoo.com/q?s=CB
CBOE,1,0.01,https://finance.yahoo.com/quote/CBOE/
CBRE,1,0.01,http://finance.yahoo.com/q?s=CBRE
CCI,1,0.01,http://finance.yahoo.com/q?s=CCI
CCL,1,0.01,http://finance.yahoo.com/q?s=CCL
CDNS,1,0.01,https://finance.yahoo.com/quote/CDNS/
CDW,1,0.01,https://finance.yahoo.com/quote/cdw
CE,1,0.01,http://finance.yahoo.com/q?s=CE
CERN,1,0.01,http://finance.yahoo.com/q?s=CERN
CF,1,0.01,http://finance.yahoo.com/q?s=CF
CFG,1,0.01,http://finance.yahoo.com/q?s=CFG
CHD,1,0.01,http://finance.yahoo.com/q?s=CHD
CHRW,1,0.01,http://finance.yahoo.com/q?s=chrw
CHTR,1,0.01,http://finance.yahoo.com/q?s=CHTR
CI,1,0.01,http://finance.yahoo.com/q?s=CI
CINF,1,0.01,http://finance.yahoo.com/q?s=CINF
CL,1,0.01,http://finance.yahoo.com/q?s=CL
CLX,1,0.01,http://finance.yahoo.com/q?s=CLX
CMA,1,0.01,http://finance.yahoo.com/q?s=CMA
CMCSA,1,0.01,http://finance.yahoo.com/q?s=cmcsa
CME,1,0.01,http://finance.yahoo.com/q?s=CME
CMG,1,0.01,http://finance.yahoo.com/q?s=CMG
CMI,1,0.01,http://finance.yahoo.com/q?s=CMI
CMS,1,0.01,http://finance.yahoo.com/q?s=CMS
CNC,1,0.01,http://finance.yahoo.com/q?s=CNC
CNP,1,0.01,http://finance.yahoo.com/q?s=CNP
COF,1,0.01,http://finance.yahoo.com/q?s=COF
COG,1,0.01,http://finance.yahoo.com/q?s=COG
COO,1,0.01,https://finance.yahoo.com/quote/COO/?p=COO
COP,1,0.01,http://finance.yahoo.com/q?s=COP
COST,1,0.01,http://finance.yahoo.com/q?s=cost
CPB,1,0.01,http://finance.yahoo.com/q?s=CPB
CPRT,1,0.01,http://finance.yahoo.com/q?s=CPRT
CRL,1,0.01,https://finance.yahoo.com/quote/CRL
CRM,1,0.01,http://finance.yahoo.com/q?s=CRM
CSCO,1,0.01,http://finance.yahoo.com/q?s=csco
CSX,1,0.01,http://finance.yahoo.com/q?s=CSX
CTAS,1,0.01,http://finance.yahoo.com/q?s=ctas
CTLT,1,0.01,https://finance.yahoo.com/quote/CTLT
CTSH,1,0.01,http://finance.yahoo.com/q?s=ctsh
CTVA,1,0.01,https://finance.yahoo.com/quote/CTVA
CTXS,1,0.01,http://finance.yahoo.com/q?s=ctxs
CVS,1,0.01,http://finance.yahoo.com/q?s=CVS
CVX,1,0.01,http://finance.yahoo.com/q?s=CVX
CZR,1,0.01,https://finance.yahoo.com/quote/CZR
D,1,0.01,http://finance.yahoo.com/q?s=D
DAL,1,0.01,http://finance.yahoo.com/q?s=DAL
DD,1,0.01,http://finance.yahoo.com/q?s=dd
DE,1,0.01,http://finance.yahoo.com/q?s=DE
DFS,1,0.01,http://finance.yahoo.com/q?s=DFS
DG,1,0.01,http://finance.yahoo.com/q?s=DG
DGX,1,0.01,http://finance.yahoo.com/q?s=DGX
DHI,1,0.01,http://finance.yahoo.com/q?s=DHI
DHR,1,0.01,http://finance.yahoo.com/q?s=DHR
DIS,1,0.01,http://finance.yahoo.com/q?s=dis
DISCA,1,0.01,http://finance.yahoo.com/q?s=DISCA
DISCK,1,0.01,http://finance.yahoo.com/q?s=DISCK
DISH,1,0.01,http://finance.yahoo.com/q?s=DISH
DLR,1,0.01,https://finance.yahoo.com/quote/DLR/?p=DLR
DLTR,1,0.01,http://finance.yahoo.com/q?s=DLTR
DOV,1,0.01,http://finance.yahoo.com/q?s=DOV
DOW,1,0.01,http://finance.yahoo.com/q?s=DOW
DPZ,1,0.01,https://finance.yahoo.com/quote/DPZ
DRE,1,0.01,https://finance.yahoo.com/quote/DRE/
DRI,1,0.01,http://finance.yahoo.com/q?s=DRI
DTE,1,0.01,http://finance.yahoo.com/q?s=DTE
DUK,1,0.01,http://finance.yahoo.com/q?s=DUK
DVA,1,0.01,http://finance.yahoo.com/q?s=DVA
DVN,1,0.01,http://finance.yahoo.com/q?s=DVN
DXC,1,0.01,https://finance.yahoo.com/quote/DXC/
DXCM,1,0.01,https://finance.yahoo.com/quote/DXCM/
EA,1,0.01,http://finance.yahoo.com/q?s=es
EBAY,1,0.01,http://finance.yahoo.com/q?s=ebay
ECL,1,0.01,http://finance.yahoo.com/q?s=ECL
ED,1,0.01,http://finance.yahoo.com/q?s=ED
EFX,1,0.01,http://finance.yahoo.com/q?s=EFX
EIX,1,0.01,http://finance.yahoo.com/q?s=EIX
EL,1,0.01,http://finance.yahoo.com/q?s=EL
EMN,1,0.01,http://finance.yahoo.com/q?s=EMN
EMR,1,0.01,http://finance.yahoo.com/q?s=EMR
ENPH,1,0.01,https://finance.yahoo.com/quote/ENPH
EOG,1,0.01,http://finance.yahoo.com/q?s=EOG
EQIX,1,0.01,http://finance.yahoo.com/q?s=EQIX
EQR,1,0.01,http://finance.yahoo.com/q?s=EQR
ES,1,0.01,http://finance.yahoo.com/q?s=ES
ESS,1,0.01,http://finance.yahoo.com/q?s=ESS
ETN,1,0.01,http://finance.yahoo.com/q?s=ETN
ETR,1,0.01,http://finance.yahoo.com/q?s=ETR
ETSY,1,0.01,https://finance.yahoo.com/quote/ETSY
EVRG,1,0.01,http://finance.yahoo.com/q?s=EVRG
EW,1,0.01,http://finance.yahoo.com/q?s=EW
EXC,1,0.01,http://finance.yahoo.com/q?s=EXC
EXPD,1,0.01,http://finance.yahoo.com/q?s=expd
EXPE,1,0.01,http://finance.yahoo.com/q?s=expe
EXR,1,0.01,http://finance.yahoo.com/q?s=EXR
F,1,0.01,http://finance.yahoo.com/q?s=F
FANG,1,0.01,http://finance.yahoo.com/q?s=FANG
FAST,1,0.01,http://finance.yahoo.com/q?s=fast
FB,1,0.01,http://finance.yahoo.com/q?s=FB
FBHS,1,0.01,https://finance.yahoo.com/quote/FBHS/?p=FBHS
FCX,1,0.01,http://finance.yahoo.com/q?s=FCX
FDX,1,0.01,http://finance.yahoo.com/q?s=FDX
FE,1,0.01,http://finance.yahoo.com/q?s=FE
FFIV,1,0.01,http://finance.yahoo.com/q?s=FFIV
FIS,1,0.01,http://finance.yahoo.com/q?s=FIS
FISV,1,0.01,http://finance.yahoo.com/q?s=fisv
FITB,1,0.01,http://finance.yahoo.com/q?s=FITB
FLT,1,0.01,http://finance.yahoo.com/q?s=FLT
FMC,1,0.01,http://finance.yahoo.com/q?s=FMC
FOX,1,0.01,http://finance.yahoo.com/q?s=FOX
FOXA,1,0.01,http://finance.yahoo.com/q?s=FOXA
FRC,1,0.01,http://finance.yahoo.com/q?s=FRC
FRT,1,0.01,http://finance.yahoo.com/q?s=FRT
FTNT,1,0.01,http://finance.yahoo.com/q?s=FTNT
FTV,1,0.01,https://finance.yahoo.com/quote/FTV/?p=FTV
GD,1,0.01,http://finance.yahoo.com/q?s=GD
GE,1,0.01,http://finance.yahoo.com/q?s=ge
GILD,1,0.01,http://finance.yahoo.com/q?s=gild
GIS,1,0.01,http://finance.yahoo.com/q?s=GIS
GL,1,0.01,https://finance.yahoo.com/quote/GL
GLW,1,0.01,http://finance.yahoo.com/q?s=GLW
GM,1,0.01,http://finance.yahoo.com/q?s=gm
GNRC,1,0.01,https://finance.yahoo.com/quote/GNRC
GOOG,1,0.01,http://finance.yahoo.com/q?s=goog
GOOGL,1,0.01,http://finance.yahoo.com/q?s=GOOGL
GPC,1,0.01,http://finance.yahoo.com/q?s=GPC
GPN,1,0.01,https://finance.yahoo.com/quote/GPN/?p=GPN
GPS,1,0.01,http://finance.yahoo.com/q?s=GPS
GRMN,1,0.01,http://finance.yahoo.com/q?s=grmn
GS,1,0.01,http://finance.yahoo.com/q?s=GS
GWW,1,0.01,http://finance.yahoo.com/q?s=GWW
HAL,1,0.01,http://finance.yahoo.com/q?s=HAL
HAS,1,0.01,http://finance.yahoo.com/q?s=HAS
HBAN,1,0.01,http://finance.yahoo.com/q?s=HBAN
HBI,1,0.01,http://finance.yahoo.com/q?s=HBI
HCA,1,0.01,http://finance.yahoo.com/q?s=HCA
HD,1,0.01,http://finance.yahoo.com/q?s=hd
HES,1,0.01,http://finance.yahoo.com/q?s=HES
HFC,1,0.01,http://finance.yahoo.com/q?s=HFC
HIG,1,0.01,http://finance.yahoo.com/q?s=HIG
HII,1,0.01,http://finance.yahoo.com/q?s=HII
HLT,1,0.01,https://finance.yahoo.com/quote/HLT/
HOLX,1,0.01,http://finance.yahoo.com/q?s=HOLX
HON,1,0.01,http://finance.yahoo.com/q?s=HON
HPE,1,0.01,http://finance.yahoo.com/q?s=HPE
HPQ,1,0.01,http://finance.yahoo.com/q?s=hpq
HRL,1,0.01,http://finance.yahoo.com/q?s=HRL
HSIC,1,0.01,http://finance.yahoo.com/q?s=hsic
HST,1,0.01,http://finance.yahoo.com/q?s=HST
HSY,1,0.01,http://finance.yahoo.com/q?s=HSY
HUM,1,0.01,http://finance.yahoo.com/q?s=HUM
HWM,1,0.01,https://finance.yahoo.com/quote/HWM
IBM,1,0.01,http://finance.yahoo.com/q?s=ibm
ICE,1,0.01,http://finance.yahoo.com/q?s=ice
IDXX,1,0.01,https://finance.yahoo.com/quote/IDXX/?p=IDXX
IEX,1,0.01,https://finance.yahoo.com/quote/IEX
IFF,1,0.01,http://finance.yahoo.com/q?s=IFF
ILMN,1,0.01,http://finance.yahoo.com/q?s=ILMN
INCY,1,0.01,http://finance.yahoo.com/q?s=INCY
INFO,1,0.01,https://finance.yahoo.com/quote/INFO?p=INFO
INTC,1,0.01,http://finance.yahoo.com/q?s=intc
INTU,1,0.01,http://finance.yahoo.com/q?s=intu
IP,1,0.01,http://finance.yahoo.com/q?s=IP
IPG,1,0.01,http://finance.yahoo.com/q?s=IPG
IPGP,1,0.01,https://finance.yahoo.com/quote/IPGP
IQV,1,0.01,https://finance.yahoo.com/quote/IQV
IR,1,0.01,http://finance.yahoo.com/q?s=IR
IRM,1,0.01,http://finance.yahoo.com/q?s=IRM
ISRG,1,0.01,http://finance.yahoo.com/q?s=isrg
IT,1,0.01,https://finance.yahoo.com/quote/IT/
ITW,1,0.01,http://finance.yahoo.com/q?s=ITW
IVZ,1,0.01,http://finance.yahoo.com/q?s=IVZ
J,1,0.01,https://finance.yahoo.com/quote/J
JBHT,1,0.01,http://finance.yahoo.com/q?s=JBHT
JCI,1,0.01,http://finance.yahoo.com/q?s=JCI
JKHY,1,0.01,http://finance.yahoo.com/q?s=JKHY
JNJ,1,0.01,http://finance.yahoo.com/q?s=jnj
JNPR,1,0.01,http://finance.yahoo.com/q?s=jnpr
JPM,1,0.01,http://finance.yahoo.com/q?s=jpm
K,1,0.01,http://finance.yahoo.com/q?s=K
KEY,1,0.01,http://finance.yahoo.com/q?s=KEY
KEYS,1,0.01,http://finance.yahoo.com/q?s=KEYS
KHC,1,0.01,http://finance.yahoo.com/q?s=KHC
KIM,1,0.01,http://finance.yahoo.com/q?s=KIM
KLAC,1,0.01,http://finance.yahoo.com/q?s=klac
KMB,1,0.01,http://finance.yahoo.com/q?s=KMB
KMI,1,0.01,http://finance.yahoo.com/q?s=KMI
KMX,1,0.01,http://finance.yahoo.com/q?s=KMX
KO,1,0.01,http://finance.yahoo.com/q?s=ko
KR,1,0.01,http://finance.yahoo.com/q?s=KR
KSU,1,0.01,http://finance.yahoo.com/q?s=KSU
L,1,0.01,http://finance.yahoo.com/q?s=L
LB,1,0.01,http://finance.yahoo.com/q?s=L
LDOS,1,0.01,https://finance.yahoo.com/quote/LDOS
LEG,1,0.01,http://finance.yahoo.com/q?s=LEG
LEN,1,0.01,http://finance.yahoo.com/q?s=LEN
LH,1,0.01,http://finance.yahoo.com/q?s=LH
LHX,1,0.01,https://finance.yahoo.com/quote/LHX
LIN,1,0.01,http://finance.yahoo.com/q?s=LIN
LKQ,1,0.01,https://finance.yahoo.com/quote/LKQ/?p=LKQ
LLY,1,0.01,http://finance.yahoo.com/q?s=LLY
LMT,1,0.01,http://finance.yahoo.com/q?s=LMT
LNC,1,0.01,http://finance.yahoo.com/q?s=LNC
LNT,1,0.01,https://finance.yahoo.com/quote/LNT/?p=LNT
LOW,1,0.01,http://finance.yahoo.com/q?s=LOW
LRCX,1,0.01,http://finance.yahoo.com/q?s=lrcx
LUMN,1,0.01,https://finance.yahoo.com/quote/LUMN
LUV,1,0.01,http://finance.yahoo.com/q?s=LUV
LVS,1,0.01,https://finance.yahoo.com/quote/LVS
LW,1,0.01,http://finance.yahoo.com/q?s=LW
LYB,1,0.01,http://finance.yahoo.com/q?s=LYB
LYV,1,0.01,https://finance.yahoo.com/quote/LYV
MA,1,0.01,http://finance.yahoo.com/q?s=MA
MAA,1,0.01,https://finance.yahoo.com/quote/MAA/?p=MAA
MAR,1,0.01,http://finance.yahoo.com/q?s=MAR
MAS,1,0.01,http://finance.yahoo.com/q?s=MAS
MCD,1,0.01,http://finance.yahoo.com/q?s=mcd
MCHP,1,0.01,http://finance.yahoo.com/q?s=mchp
MCK,1,0.01,http://finance.yahoo.com/q?s=MCK
MCO,1,0.01,http://finance.yahoo.com/q?s=MCO
MDLZ,1,0.01,http://finance.yahoo.com/q?s=MDLZ
MDT,1,0.01,http://finance.yahoo.com/q?s=MDT
MET,1,0.01,http://finance.yahoo.com/q?s=MET
MGM,1,0.01,https://finance.yahoo.com/quote/MGM/
MHK,1,0.01,http://finance.yahoo.com/q?s=MHK
MKC,1,0.01,http://finance.yahoo.com/q?s=MKC
MKTX,1,0.01,https://finance.yahoo.com/quote/MKTX
MLM,1,0.01,http://finance.yahoo.com/q?s=MLM
MMC,1,0.01,http://finance.yahoo.com/q?s=MMC
MMM,1,0.01,http://finance.yahoo.com/q?s=mmm
MNST,1,0.01,http://finance.yahoo.com/q?s=MNST
MO,1,0.01,http://finance.yahoo.com/q?s=MO
MOS,1,0.01,http://finance.yahoo.com/q?s=MOS
MPC,1,0.01,http://finance.yahoo.com/q?s=MPC
MPWR,1,0.01,https://finance.yahoo.com/quote/MPWR
MRK,1,0.01,http://finance.yahoo.com/q?s=mrk
MRO,1,0.01,http://finance.yahoo.com/q?s=MRO
MS,1,0.01,http://finance.yahoo.com/q?s=MS
MSCI,1,0.01,http://finance.yahoo.com/q?s=MSCI
MSFT,1,0.01,http://finance.yahoo.com/q?s=msft
MSI,1,0.01,http://finance.yahoo.com/q?s=MSI
MTB,1,0.01,http://finance.yahoo.com/q?s=MTB
MTD,1,0.01,https://finance.yahoo.com/quote/MTD/?p=MTD
MU,1,0.01,http://finance.yahoo.com/q?s=MU
MXIM,1,0.01,http://finance.yahoo.com/q?s=MXIM
NCLH,1,0.01,http://finance.yahoo.com/q?s=nclh
NDAQ,1,0.01,http://finance.yahoo.com/q?s=NDAQ
NEE,1,0.01,http://finance.yahoo.com/q?s=NEE
NEM,1,0.01,http://finance.yahoo.com/q?s=NEM
NFLX,1,0.01,http://finance.yahoo.com/q?s=NFLX
NI,1,0.01,http://finance.yahoo.com/q?s=NI
NKE,1,0.01,http://finance.yahoo.com/q?s=NKE
NLOK,1,0.01,https://finance.yahoo.com/quote/NLOK
NLSN,1,0.01,http://finance.yahoo.com/q?s=NLSN
NOC,1,0.01,http://finance.yahoo.com/q?s=NOC
NOV,1,0.01,http://finance.yahoo.com/q?s=NOV
NOW,1,0.01,https://finance.yahoo.com/quote/NOW
NRG,1,0.01,http://finance.yahoo.com/q?s=NRG
NSC,1,0.01,http://finance.yahoo.com/q?s=NSC
NTAP,1,0.01,http://finance.yahoo.com/q?s=ntap
NTRS,1,0.01,http://finance.yahoo.com/q?s=NTRS
NUE,1,0.01,http://finance.yahoo.com/q?s=NUE
NVDA,1,0.01,http://finance.yahoo.com/q?s=nvda
NVR,1,0.01,https://finance.yahoo.com/quote/NVR
NWL,1,0.01,http://finance.yahoo.com/q?s=NWL
NWS,1,0.01,http://finance.yahoo.com/q?s=NWS
NWSA,1,0.01,http://finance.yahoo.com/q?s=NWSA
NXPI,1,0.01,http://finance.yahoo.com/q?s=NXPI
O,1,0.01,http://finance.yahoo.com/q?s=O
ODFL,1,0.01,https://finance.yahoo.com/quote/ODFL
OKE,1,0.01,http://finance.yahoo.com/q?s=OKE
OMC,1,0.01,http://finance.yahoo.com/q?s=OMC
ORCL,1,0.01,http://finance.yahoo.com/q?s=orcl
ORLY,1,0.01,http://finance.yahoo.com/q?s=ORLY
OTIS,1,0.01,https://finance.yahoo.com/quote/OTIS
OXY,1,0.01,http://finance.yahoo.com/q?s=OXY
PAYC,1,0.01,https://finance.yahoo.com/quote/PAYC
PAYX,1,0.01,http://finance.yahoo.com/q?s=payx
PBCT,1,0.01,http://finance.yahoo.com/q?s=PBCT
PCAR,1,0.01,http://finance.yahoo.com/q?s=pcar
PEAK,1,0.01,https://finance.yahoo.com/quote/PEAK
PEG,1,0.01,http://finance.yahoo.com/q?s=PEG
PENN,1,0.01,https://finance.yahoo.com/quote/PENN
PEP,1,0.01,http://finance.yahoo.com/q?s=PEP
PFE,1,0.01,http://finance.yahoo.com/q?s=pfe
PFG,1,0.01,http://finance.yahoo.com/q?s=PFG
PG,1,0.01,http://finance.yahoo.com/q?s=pg
PGR,1,0.01,http://finance.yahoo.com/q?s=PGR
PH,1,0.01,http://finance.yahoo.com/q?s=PH
PHM,1,0.01,http://finance.yahoo.com/q?s=PHM
PKG,1,0.01,https://finance.yahoo.com/quote/PKG/
PKI,1,0.01,http://finance.yahoo.com/q?s=PKI
PLD,1,0.01,http://finance.yahoo.com/q?s=PLD
PM,1,0.01,http://finance.yahoo.com/q?s=PM
PNC,1,0.01,http://finance.yahoo.com/q?s=PNC
PNR,1,0.01,http://finance.yahoo.com/q?s=PNR
PNW,1,0.01,http://finance.yahoo.com/q?s=PNW
POOL,1,0.01,https://finance.yahoo.com/quote/POOL
PPG,1,0.01,http://finance.yahoo.com/q?s=PPG
PPL,1,0.01,http://finance.yahoo.com/q?s=PPL
PRGO,1,0.01,http://finance.yahoo.com/q?s=PRGO
PRU,1,0.01,http://finance.yahoo.com/q?s=PRU
PSA,1,0.01,http://finance.yahoo.com/q?s=PSA
PSX,1,0.01,http://finance.yahoo.com/q?s=PSX
PTC,1,0.01,https://finance.yahoo.com/quote/PTC
PVH,1,0.01,http://finance.yahoo.com/q?s=PVH
PWR,1,0.01,http://finance.yahoo.com/q?s=PWR
PXD,1,0.01,http://finance.yahoo.com/q?s=PXD
PYPL,1,0.01,http://finance.yahoo.com/q?s=pypl
QCOM,1,0.01,http://finance.yahoo.com/q?s=qcom
QRVO,1,0.01,http://finance.yahoo.com/q?s=QRVO
RCL,1,0.01,http://finance.yahoo.com/q?s=RCL
RE,1,0.01,https://finance.yahoo.com/quote/RE/
REG,1,0.01,https://finance.yahoo.com/quote/REG/?p=REG
REGN,1,0.01,http://finance.yahoo.com/q?s=REGN
RF,1,0.01,http://finance.yahoo.com/q?s=RF
RHI,1,0.01,http://finance.yahoo.com/q?s=RHI
RJF,1,0.01,https://finance.yahoo.com/quote/RJF/
RL,1,0.01,http://finance.yahoo.com/q?s=RL
RMD,1,0.01,http://finance.yahoo.com/q?s=RMD
ROK,1,0.01,http://finance.yahoo.com/q?s=ROK
ROL,1,0.01,https://finance.yahoo.com/quote/ROL/
ROP,1,0.01,http://finance.yahoo.com/q?s=ROP
ROST,1,0.01,http://finance.yahoo.com/q?s=ROST
RSG,1,0.01,http://finance.yahoo.com/q?s=RSG
RTX,1,0.01,https://finance.yahoo.com/quote/RTX
SBAC,1,0.01,http://finance.yahoo.com/q?s=SBAC
SBUX,1,0.01,http://finance.yahoo.com/q?s=sbux
SCHW,1,0.01,http://finance.yahoo.com/q?s=SCHW
SEE,1,0.01,http://finance.yahoo.com/q?s=SEE
SHW,1,0.01,http://finance.yahoo.com/q?s=SHW
SIVB,1,0.01,http://finance.yahoo.com/q?s=SIVB
SJM,1,0.01,http://finance.yahoo.com/q?s=SJM
SLB,1,0.01,http://finance.yahoo.com/q?s=SLB
SNA,1,0.01,http://finance.yahoo.com/q?s=SNA
SNPS,1,0.01,https://finance.yahoo.com/quote/SNPS/?p=SNPS
SO,1,0.01,http://finance.yahoo.com/q?s=SO
SPG,1,0.01,http://finance.yahoo.com/q?s=SPG
SPGI,1,0.01,https://finance.yahoo.com/quote/SPGI/?p=SPGI
SRE,1,0.01,http://finance.yahoo.com/q?s=SRE
STE,1,0.01,https://finance.yahoo.com/quote/STE
STT,1,0.01,http://finance.yahoo.com/q?s=STT
STX,1,0.01,http://finance.yahoo.com/q?s=STX
STZ,1,0.01,http://finance.yahoo.com/q?s=STZ
SWK,1,0.01,http://finance.yahoo.com/q?s=SWK
SWKS,1,0.01,http://finance.yahoo.com/q?s=swks
SYF,1,0.01,http://finance.yahoo.com/q?s=SYF
SYK,1,0.01,http://finance.yahoo.com/q?s=SYK
SYY,1,0.01,http://finance.yahoo.com/q?s=SYY
T,1,0.01,http://finance.yahoo.com/q?s=t
TAP,1,0.01,http://finance.yahoo.com/q?s=TAP
TDG,1,0.01,https://finance.yahoo.com/quote/TDG/
TDY,1,0.01,https://finance.yahoo.com/quote/TDY
TEL,1,0.01,http://finance.yahoo.com/q?s=TEL
TER,1,0.01,http://finance.yahoo.com/q?s=TER
TFC,1,0.01,https://finance.yahoo.com/quote/TFC
TFX,1,0.01,http://finance.yahoo.com/q?s=TFX
TGT,1,0.01,http://finance.yahoo.com/q?s=TGT
TJX,1,0.01,http://finance.yahoo.com/q?s=TJX
TMO,1,0.01,http://finance.yahoo.com/q?s=TMO
TMUS,1,0.01,http://finance.yahoo.com/q?s=tmus
TPR,1,0.01,https://finance.yahoo.com/quote/TPR/
TRMB,1,0.01,https://finance.yahoo.com/quote/TRMB
TROW,1,0.01,http://finance.yahoo.com/q?s=TROW
TRV,1,0.01,http://finance.yahoo.com/q?s=TRV
TSCO,1,0.01,http://finance.yahoo.com/q?s=TSCO
TSLA,1,0.01,http://finance.yahoo.com/q?s=TSLA
TSN,1,0.01,http://finance.yahoo.com/q?s=TSN
TT,1,0.01,https://finance.yahoo.com/quote/TT
TTWO,1,0.01,http://finance.yahoo.com/q?s=TTWO
TWTR,1,0.01,http://finance.yahoo.com/q?s=TWTR
TXN,1,0.01,http://finance.yahoo.com/q?s=TXN
TXT,1,0.01,http://finance.yahoo.com/q?s=TXT
TYL,1,0.01,https://finance.yahoo.com/quote/TYL
UA,1,0.01,http://finance.yahoo.com/q?s=UA
UAA,1,0.01,https://finance.yahoo.com/quote/UAA/
UAL,1,0.01,http://finance.yahoo.com/q?s=UAL
UDR,1,0.01,http://finance.yahoo.com/q?s=UDR
UHS,1,0.01,http://finance.yahoo.com/q?s=UHS
ULTA,1,0.01,http://finance.yahoo.com/q?s=ulta
UNH,1,0.01,http://finance.yahoo.com/q?s=UNH
UNM,1,0.01,http://finance.yahoo.com/q?s=UNM
UNP,1,0.01,http://finance.yahoo.com/q?s=UNP
UPS,1,0.01,http://finance.yahoo.com/q?s=UPS
URI,1,0.01,http://finance.yahoo.com/q?s=URI
USB,1,0.01,http://finance.yahoo.com/q?s=USB
V,1,0.01,http://finance.yahoo.com/q?s=V
VFC,1,0.01,http://finance.yahoo.com/q?s=VFC
VIAC,1,0.01,https://finance.yahoo.com/quote/VIAC
VLO,1,0.01,http://finance.yahoo.com/q?s=VLO
VMC,1,0.01,http://finance.yahoo.com/q?s=VMC
VNO,1,0.01,http://finance.yahoo.com/q?s=VNO
VRSK,1,0.01,http://finance.yahoo.com/q?s=VRSK
VRSN,1,0.01,http://finance.yahoo.com/q?s=vrsn
VRTX,1,0.01,http://finance.yahoo.com/q?s=VRTX
VTR,1,0.01,http://finance.yahoo.com/q?s=VTR
VTRS,1,0.01,https://finance.yahoo.com/quote/VRTS
VZ,1,0.01,http://finance.yahoo.com/q?s=vz
WAB,1,0.01,http://finance.yahoo.com/q?s=WAB
WAT,1,0.01,http://finance.yahoo.com/q?s=WAT
WBA,1,0.01,http://finance.yahoo.com/q?s=wba
WDC,1,0.01,http://finance.yahoo.com/q?s=WDC
WEC,1,0.01,http://finance.yahoo.com/q?s=WEC
WELL,1,0.01,http://finance.yahoo.com/q?s=WELL
WFC,1,0.01,http://finance.yahoo.com/q?s=WFC
WHR,1,0.01,http://finance.yahoo.com/q?s=WHR
WLTW,1,0.01,http://finance.yahoo.com/q?s=WLTW
WM,1,0.01,http://finance.yahoo.com/q?s=WM
WMB,1,0.01,http://finance.yahoo.com/q?s=WMB
WMT,1,0.01,http://finance.yahoo.com/q?s=wmt
WRB,1,0.01,https://finance.yahoo.com/quote/WRB
WRK,1,0.01,http://finance.yahoo.com/q?s=WRK
WST,1,0.01,https://finance.yahoo.com/quote/WST
WU,1,0.01,http://finance.yahoo.com/q?s=WU
WY,1,0.01,http://finance.yahoo.com/q?s=WY
WYNN,1,0.01,http://finance.yahoo.com/q?s=wynn
XEL,1,0.01,http://finance.yahoo.com/q?s=XEL
XLNX,1,0.01,http://finance.yahoo.com/q?s=xlnx
XOM,1,0.01,http://finance.yahoo.com/q?s=xom
XRAY,1,0.01,http://finance.yahoo.com/q?s=xray
XYL,1,0.01,http://finance.yahoo.com/q?s=XYL
YUM,1,0.01,http://finance.yahoo.com/q?s=YUM
ZBH,1,0.01,http://finance.yahoo.com/q?s=ZBH
ZBRA,1,0.01,https://finance.yahoo.com/quote/ZBRA
ZION,1,0.01,http://finance.yahoo.com/q?s=ZION
ZTS,1,0.01,http://finance.yahoo.com/q?s=ZTS
1COV,1,0.01,https://de.finance.yahoo.com/quote/1cov.de
ADDS,1,0.01,http://finance.yahoo.com/q?s=ADDS
AIR,1,0.01,https://finance.yahoo.com/quote/AIR.DE
ALV,1,0.01,http://finance.yahoo.com/q?s=ALV
BAS,1,0.01,http://finance.yahoo.com/q?s=BAS
BAYN,1,0.01,http://finance.yahoo.com/q?s=BAYN
BMW,1,0.01,http://finance.yahoo.com/q?s=BMW
BNR,1,0.01,https://finance.yahoo.com/quote/BNR.DE
CONT,1,0.01,http://finance.yahoo.com/q?s=CONT
DAI,1,0.01,http://finance.yahoo.com/q?s=DAI
DB,1,0.01,http://finance.yahoo.com/q?s=DB
DBK,1,0.01,http://finance.yahoo.com/q?s=DBK
DHER,1,0.01,https://de.finance.yahoo.com/quote/dher.de
DPW,1,0.01,http://finance.yahoo.com/q?s=DPW.DE
DTEL,1,0.01,http://finance.yahoo.com/q?s=DTEL
DWNI,1,0.01,https://de.finance.yahoo.com/quote/dwni.de
ENR,1,0.01,https://de.finance.yahoo.com/quote/ENR.DE
EOAN,1,0.01,http://finance.yahoo.com/q?s=EOAN
FME,1,0.01,http://finance.yahoo.com/q?s=FME
FRE,1,0.01,http://finance.yahoo.com/q?s=FRE
HEI,1,0.01,http://finance.yahoo.com/q?s=HEI
HEN,1,0.01,http://finance.yahoo.com/q?s=HEN
HFG,1,0.01,https://finance.yahoo.com/quote/HFG.DE
IFX,1,0.01,http://finance.yahoo.com/q?s=IFX
LIN,1,0.01,http://finance.yahoo.com/q?s=LIN
MRCK,1,0.01,http://finance.yahoo.com/q?s=MRCK
MTX,1,0.01,https://de.finance.yahoo.com/quote/MTX.DE
MUV,1,0.01,http://finance.yahoo.com/q?s=MUV
PAH,1,0.01,https://finance.yahoo.com/quote/PAH3.DE
PUM,1,0.01,https://finance.yahoo.com/quote/PUM.DE
QIA,1,0.01,https://finance.yahoo.com/quote/QIA.DE
RWE,1,0.01,http://finance.yahoo.com/q?s=RWE
SAP,1,0.01,http://finance.yahoo.com/q?s=SAP
SHL,1,0.01,https://finance.yahoo.com/quote/SHL.DE
SIE,1,0.01,http://finance.yahoo.com/q?s=SIE
SRT,1,0.01,https://finance.yahoo.com/quote/SRT.DE
SY,1,0.01,https://finance.yahoo.com/quote/SY1.DE
VNA,1,0.01,http://finance.yahoo.com/q?s=VNA
VOW,1,0.01,http://finance.yahoo.com/q?s=VOW
ZAL,1,0.01,https://finance.yahoo.com/quote/ZAL.DE/
BCHEUR,1,0.01,https://pro.coinbase.com/trade/BCH-EUR
BCHUSD,1,0.01,https://pro.coinbase.com/trade/BCH-USD
BTCEUR,1,0.01,https://pro.coinbase.com/trade/BTC-EUR
BTCGBP,1,0.01,https://pro.coinbase.com/trade/BTC-GBP
BTCUSD,1,0.01,https://pro.coinbase.com/trade/BTC-USD
ETHEUR,1,0.01,https://pro.coinbase.com/trade/ETH-EUR
ETHUSD,1,0.01,https://pro.coinbase.com/trade/ETH-USD
LTCEUR,1,0.01,https://pro.coinbase.com/trade/LTC-EUR
LTCUSD,1,0.01,https://pro.coinbase.com/trade/LTC-USD
10YR,1000,0.001,https://www.cmegroup.com/trading/interest-rates/micro-treasury-yield-futures.html?redirect=/yieldfutures#contract-specifications
2YR,1000,0.001,https://www.cmegroup.com/trading/interest-rates/micro-treasury-yield-futures.html?redirect=/yieldfutures#contract-specifications
30YR,1000,0.001,https://www.cmegroup.com/trading/interest-rates/micro-treasury-yield-futures.html?redirect=/yieldfutures#contract-specifications
5YR,1000,0.001,https://www.cmegroup.com/trading/interest-rates/micro-treasury-yield-futures.html?redirect=/yieldfutures#contract-specifications
FDXS,1,1,https://www.eurex.com/ex-en/markets/idx/dax
FSXE,1,0.5,https://www.eurex.com/ex-en/markets/idx/micro-product-suite
M2K,5,0.1,https://www.cmegroup.com/cme-group-futures-exchange/micro-futures.html
M6A,10000,0.0001,http://www.cmegroup.com/trading/fx/fx/e-micro-australian-dollar_contract_specifications.html
M6B,6250,0.0001,http://www.cmegroup.com/trading/fx/fx/e-micro-british-pound_contract_specifications.html
M6E,12500,0.0001,http://www.cmegroup.com/trading/fx/fx/e-micro-euro_contract_specifications.html
MBT,0.1,5,https://www.cmegroup.com/trading/micro-bitcoin-futures.html
MCL,100,0.01,https://www.cmegroup.com/trading/energy/micro-wti-crude-oil-futures.html
MES,5,0.25,https://www.cmegroup.com/cme-group-futures-exchange/micro-futures.html
MET,0.1,0.5,https://www.cmegroup.com/markets/cryptocurrencies/ether/micro-ether.html
MGC,10,0.1,http://www.cmegroup.com/trading/metals/precious/e-micro-gold_contract_specifications.html
MHG,2500,0.0005,https://www.cmegroup.com/markets/metals/base/micro-copper.contractSpecs.html
MICD,10000,0.0001,http://www.cmegroup.com/trading/fx/e-micros/e-micro-canadian-dollar-us-dollar_contract_specifications.html
MISF,12500,0.0001,http://www.cmegroup.com/trading/fx/e-micros/e-micro-swiss-franc-us-dollar_contract_specifications.html
MMC,10,0.1,https://www.cmegroup.com/media-room/press-releases/2023/2/21/cme_group_to_launchmicroe-minispmidcap400andmicroe-minispsmallca.html
MNQ,2,0.25,https://www.cmegroup.com/cme-group-futures-exchange/micro-futures.html
MSC,10,0.1,https://www.cmegroup.com/media-room/press-releases/2023/2/21/cme_group_to_launchmicroe-minispmidcap400andmicroe-minispsmallca.html
MYM,0.5,1,https://www.cmegroup.com/cme-group-futures-exchange/micro-futures.html
